pcode_st,name_st,pcode_dt,name_dt,pcode_ts,name_ts,hh_t,hh_m,hh_f,pop_hh,pop_ins,mean_hhsize,hh_1,hh_2,hh_3,hh_4,hh_5,hh_6,hh_7,hh_8,hh_9,housing_t,housing_apt,housing_bung,housing_semi,housing_wood,housing_bamb,housing_hut23,housing_hut1,housing_oth,ownshp_t,ownshp_own,ownshp_rent,ownshp_free,ownshp_gov,ownshp_com,ownshp_oth,toilet_t,toilet_flu,toilet_seal,toilet_put,toilet_buck,toilet_oth,toilet_non,roof_t,roof_dani,roof_bamb,roof_wood,roof_corr,roof_tile,roof_oth,wall_t,wall_dani,wall_bamb,wall_earth,wall_wood,wall_corr,wall_tile,wall_oth,flr_t,flr_bamb,flr_earth,flr_wood,flr_tile,flr_oth,light_t,light_elec,light_kero,light_cand,light_batt,light_gen,light_wat,light_sol,light_oth,dwat_t,dwat_pipe,dwat_bore,dwat_pwell,dwat_upwel,dwat_pool,dwat_river,dwat_wfall,dwat_bott,dwat_tank,dwar_oth,ndwat_t,ndwat_tap,ndwat_tube,ndwat_pwell,ndwat_upwell,ndwat_pool,ndwat_river,ndwat_wfall,ndwat_bott,ndwat_tank,ndwat_oth,cook_t,cook_elec,cook_lpg,cook_kero,cook_bio,cook_firew,cook_char,cook_coal,cook_straw,cook_oth,com_t,com_radio,com_tv,com_lline,com_mob,com_comp,com_int,trans_t,trans_car,trans_mcyc,trans_bicyc,trans_4wheel,trans_canoe,trans_mboat,trans_cart,pop_t_ne,pop_t,pop_m_ne,pop_m,pop_f_ne,pop_f,pop_hh_m,pop_hh_f,pop_ins_m,pop_ins_f,pop_u,pop_u_m,pop_u_f,pop_r,pop_r_m,pop_r_f,pop_0_14,pop_15_64,pop_65ab,pop_10_17,pop_18ab,marstat_15ab_t,marstat_15ab_sgl_t,marstat_15ab_marr_t,marstat_15ab_wid_t,marstat_15ab_div_t,marstat_15ab_reno_t,marstat_15ab_m,marstat_15ab_sgl_m,marstat_15ab_marr_m,marstat_15ab_wid_m,marstat_15ab_div_m,marstat_15ab_reno_m,marstat_15ab_f,marstat_15ab_sgl_f,marstat_15ab_marr_f,marstat_15ab_wid_f,marstat_15ab_div_f,marstat_15ab_reno_f,pop_15ab_t,lit_15ab_t,lit_rate_15ab_t,illit_15ab_t,pop_15ab_m,lit_15ab_m,lit_rate_15ab_m,illit_15ab_m,pop_15ab_f,lit_15ab_f,lit_rate_15ab_f,illit_15ab_f,pop_15ab_t_u,lit_15ab_t_u,lit_rate_15ab_t_u,illit_15ab_t_u,pop_15ab_m_u,lit_15ab_m_u,lit_rate_15ab_m_u,illit_15ab_m_u,pop_15ab_f_u,lit_15ab_f_u,lit_rate_15ab_f_u,illit_15ab_f_u,pop_15ab_t_r,lit_15ab_t_r,lit_rate_15ab_t_r,illit_15ab_t_r,pop_15ab_m_r,lit_15ab_m_r,lit_rate_15ab_m_r,illit_15ab_m_r,pop_15ab_f_r,lit_15ab_f_r,lit_rate_15ab_f_r,illit_15ab_f_r,schatt_5_29_t,schatt_5_29_curr_t,schatt_5_29_prev_t,schatt_5_29_nev_t,schatt_5_29_m,schatt_5_29_curr_m,schatt_5_29_prev_m,schatt_5_29_nev_m,schatt_5_29_f,schatt_5_29_curr_f,schatt_5_29_prev_f,schatt_5_29_nev_f,hied_25ab_t,hied_25ab_non_t,hied_25ab_pri15_t,hied_25ab_mid69_t,hied_25ab_hi1011_t,hied_25ab_dip_t,hied_25ab_uni_t,hied_25ab_post_t,hied_25ab_voc_t,hied_25ab_oth_t,hied_25ab_m,hied_25ab_non_m,hied_25ab_pri15_m,hied_25ab_mid69_m,hied_25ab_hi1011_m,hied_25ab_dip_m,hied_25ab_uni_m,hied_25ab_post_m,hied_25ab_voc_m,hied_25ab_oth_m,hied_25ab_f,hied_25ab_non_f,hied_25ab_pri15_f,hied_25ab_fid69_f,hied_25ab_hi1011_f,hied_25ab_dip_f,hied_25ab_uni_f,hied_25ab_post_f,hied_25ab_voc_f,hied_25ab_oth_f,hied_25ab_hh_t,hied_25ab_non_hh_t,hied_25ab_pri15_hh_t,hied_25ab_mid69_hh_t,hied_25ab_hi1011_hh_t,hied_25ab_dip_hh_t,hied_25ab_uni_hh_t,hied_25ab_post_hh_t,hied_25ab_voc_hh_t,hied_25ab_oth_hh_t,hied_25ab_hh_m,hied_25ab_non_hh_m,hied_25ab_pri15_hh_m,hied_25ab_mid69_hh_m,hied_25ab_hi1011_hh_m,hied_25ab_dip_hh_m,hied_25ab_uni_hh_m,hied_25ab_post_hh_m,hied_25ab_voc_hh_m,hied_25ab_oth_hh_m,hied_25ab_hh_f,hied_25ab_non_hh_f,hied_25ab_pri15_hh_f,hied_25ab_mid69_hh_f,hied_25ab_hi1011_hh_f,hied_25ab_dip_hh_f,hied_25ab_uni_hh_f,hied_25ab_post_hh_f,hied_25ab_voc_hh_f,hied_25ab_oth_hh_f,hied_25ab_ins_t,hied_25ab_non_ins_t,hied_25ab_pri15_ins_t,hied_25ab_mid69_ins_t,hied_25ab_hi1011_ins_t,hied_25ab_dip_ins_t,hied_25ab_uni_ins_t,hied_25ab_post_ins_t,hied_25ab_voc_ins_t,hied_25ab_oth_ins_t,hied_25ab_ins_m,hied_25ab_non_ins_m,hied_25ab_pri15_ins_m,hied_25ab_mid69_ins_m,hied_25ab_hi1011_ins_m,hied_25ab_dip_ins_m,hied_25ab_uni_ins_m,hied_25ab_post_ins_m,hied_25ab_voc_ins_m,hied_25ab_oth_ins_m,hied_25ab_ins_f,hied_25ab_non_ins_f,hied_25ab_pri15_ins_f,hied_25ab_mid69_ins_f,hied_25ab_hi1011_ins_f,hied_25ab_dip_ins_f,hied_25ab_uni_ins_f,hied_25ab_post_ins_f,hied_25ab_voc_ins_f,hied_25ab_oth_ins_f,usuact_10ab_t,usuact_10ab_eco_act_t,eco_act_p,emp_t,eco_act_emp,total_emp,usuact_10ab_govemp_t,emp_govemp,eco_act_govemp,total_govemp,usuact_10ab_priemp_t,emp_priemp,eco_act_priemp,total_priemp,usuact_10ab_empyr_t,emp_empyr,eco_act_empyr,total_empyr,usuact_10ab_ownacc_t,emp_ownacc,eco_act_ownacc,total_ownacc,usuact_10ab_unpfam_t,emp_unpfam,eco_act_unpfam,total_unpfam,usuact_10ab_seekw_t,eco_act_unemp,total_unemp,usuact_10ab_eco_inact_t,eco_inact_p,usuact_10ab_nseekw_t,eco_inact_not_seek,total_not_seek,usuact_10ab_stu_t,eco_inact_stu,total_stu,usuact_10ab_hhwork_t,eco_inact_hw,total_hw,usuact_10ab_retir_t,eco_inact_retire,total_retire,usuact_10ab_ill_t,eco_inact_ill,total_ill,usuact_10ab_oth_t,eco_inact_oth,total_oth,usuact_10ab_m,usuact_10ab_govemp_m,usuact_10ab_priemp_m,usuact_10ab_empyr_m,usuact_10ab_ownacc_m,usuact_10ab_unpfam_m,usuact_10ab_seekw_m,usuact_10ab_nseekw_m,usuact_10ab_stu_m,usuact_10ab_hhwork_m,usuact_10ab_retir_m,usuact_10ab_ill_m,usuact_10ab_oth_m,usuact_10ab_f,usuact_10ab_govemp_f,usuact_10ab_priemp_f,usuact_10ab_empyr_f,usuact_10ab_ownacc_f,usuact_10ab_unpfam_f,usuact_10ab_seekw_f,usuact_10ab_nseekw_f,usuact_10ab_stu_f,usuact_10ab_hhwork_f,usuact_10ab_retir_f,usuact_10ab_ill_f,usuact_10ab_oth_f,idcard_10ab_t,idcard_10ab_citi_t,idcard_10ab_assc_t,idcard_10ab_natu_t,idcard_10ab_natreg_t,idcard_10ab_relig_t,idcard_10ab_temp_t,idcard_10ab_forreg_t,idcard_10ab_forpp_t,idcard_10ab_non_t,idcard_10ab_u_t,idcard_10ab_citi_u_t,idcard_10ab_assc_u_t,idcard_10ab_natu_u_t,idcard_10ab_natreg_u_t,idcard_10ab_relig_u_t,idcard_10ab_temp_u_t,idcard_10ab_forreg_u_t,idcard_10ab_forpp_u_t,idcard_10ab_non_u_t,idcard_10ab_r_t,idcard_10ab_citi_r_t,idcard_10ab_assc_r_t,idcard_10ab_natu_r_t,idcard_10ab_natreg_r_t,idcard_10ab_relig_r_t,idcard_10ab_temp_r_t,idcard_10ab_forreg_r_t,idcard_10ab_forpp_r_t,idcard_10ab_non_r_t,popdisab_notdisab_t,popdisab_anydiab_t,disabtype_see_t,disabtype_hear_t,disabtype_walk_t,disabtype_rmbr_t,popdisab_notdisab_m,popdisab_anydiab_m,disabtype_see_m,disabtype_hear_m,disabtype_walk_m,disabtype_rmbr_m,popdisab_notdisab_f,popdisab_anydiab_f,disabtype_see_f,disabtype_hear_f,disabtype_walk_f,disabtype_rmbr_f
MMR,UNION,,,,,10877832,8296535,2581297,47929999,2349901,4,501088,1352229,2165200,2320289,1793727,1183110,706209,449959,406021,10877832,488485,738223,711075,4482384,4064856,206773,96339,89697,10877832,9302840,805491,272557,354155,77234,65555,10877832,228975,7855137,855445,291182,83880,1563213,10877832,3573980,241993,14926,6684608,237245,125080,10877832,1025549,5571105,23015,2352212,54329,1732291,119331,10877832,2724660,862516,5528711,1655320,106625,10877832,3527717,876578,2251936,1843756,1013149,177507,945242,241947,10877832,974598,3419490,2054528,580552,1335360,814911,339978,1109006,50763,198646,10877832,1359390,4170979,2003085,592427,1061649,1116099,314007,10685,49694,199817,10877832,1780335,48892,21198,32963,7532661,1282118,31667,5047,142951,10877832,3866181,5382990,524513,3581751,377403,675275,10877832,340578,4204652,3908552,268072,420606,236590,2353930,1206353,50279900,595872,24228714,610481,26051186,22554578,25375421,1674136,675765,14877943,7114224,7763719,35401957,17114490,18287467,14399569,32982768,2897563,7862576,33126117,35880331,11058669,21346316,2498883,616695,359768,16931810,5461977,10395725,524275,230708,319125,18948521,5596692,10950591,1974608,385987,40643,33934631,30378819,89.5,3555812,15553842,14408912,92.6,1144930,18380789,15969907,86.9,2410882,10399334,9902101,95.2,497233,4686447,4551622,97.1,134825,5712887,5350479,93.7,362408,23535297,20476718,87,3058579,10867395,9857290,90.7,1010105,12667902,10619428,83.8,2048474,21600375,8382300,11156158,2061917,10392862,4116577,5283929,992356,11207513,4265723,5872229,1069561,26923273,4369423,12160175,4839440,2658502,72377,2222344,116501,35721,448790,12549287,1671231,5298794,2735953,1485925,51356,988277,43496,25234,249021,14373986,2698192,6861381,2103487,1172577,21021,1234067,73005,10487,199769,25751773,4262406,11803083,4574688,2469442,51457,2029402,98038,32337,430920,11703833,1596255,5055103,2532416,1336496,33351,859942,32817,22551,234902,14047940,2666151,6747980,2042272,1132946,18106,1169460,65221,9786,196018,1171500,107017,357092,264752,189060,20920,192942,18463,3384,17870,845454,74976,243691,203537,149429,18005,128335,10679,2683,14119,326046,32041,113401,61215,39631,2915,64607,7784,701,3751,40988693,23370085,57%,22415579,96%,55%,1355370,6%,6%,3%,7376308,33%,32%,18%,1045982,5%,4%,3%,8714545,39%,37%,21%,3923374,18%,17%,10%,954506,4%,2%,17618608,43%,172514,1%,0%,5665349,32%,14%,7501642,43%,18%,2355665,13%,6%,312879,2%,1%,1610559,9%,4%,19527559,776765,4813683,777280,5657550,1570015,567329,105905,2786807,268148,975288,161950,1066839,21461134,578605,2562625,268702,3056995,2353359,387177,66609,2878542,7233494,1380377,150929,543720,40988693,28397519,37429,170352,692288,247765,181982,14943,38646,11207769,12649939,9558657,25814,78914,272121,120047,89458,11083,23424,2470421,28338754,18838862,11615,91438,420167,127718,92524,3860,15222,8737348,47968650,2311250,1249737,673126,957736,835598,23171959,1056755,537455,292485,433803,376588,24796691,1254495,712282,380641,523933,459010
MMR001,Kachin,,,,,269365,195808,73557,1370748,272093,5,10751,24089,39044,49268,46432,35781,24660,18629,20711,269365,7580,17893,18988,107033,111788,2438,1422,2223,269365,224346,22577,6637,11496,1933,2376,269365,2740,227536,30581,1465,1581,5462,269365,71337,991,383,190834,2621,3199,269365,1258,172610,249,55176,787,37206,2079,269365,66867,16686,138964,44075,2773,269365,81590,792,82387,11086,33976,9892,47614,2028,269365,14100,97831,73162,33554,1490,9985,13353,21278,270,4342,269365,19767,106084,76414,33680,2363,12340,13941,273,160,4343,269365,14245,108,24,336,196066,56247,1149,29,1161,269365,116051,163655,17147,100953,9291,12066,269365,10911,188959,94853,14759,10977,6252,70938,46600,1642841,23031,855353,23569,787488,664154,706594,191199,80894,592368,297643,294725,1050473,557710,492763,492879,1084096,65866,272158,1051258,1149962,415003,643619,70875,13918,6547,604853,255358,326599,11372,5951,5573,545109,159645,317020,59503,7967,974,919246,842602,91.7,76644,436395,410856,94.1,25539,482851,431746,89.4,51105,353385,333036,94.2,20349,164031,158032,96.3,5999,189354,175004,92.4,14350,565861,509566,90.1,56295,272364,252824,92.8,19540,293497,256742,87.5,36755,670041,327763,305087,37191,333060,159067,155002,18991,336981,168696,150085,18200,812762,100203,315217,212550,109077,1683,62589,3232,1234,6977,418227,40084,154499,123666,61301,1167,30788,1233,834,4655,394535,60119,160718,88884,47776,516,31801,1999,400,2322,667566,90087,262933,167091,86901,1119,50145,2341,957,5992,312879,33495,118630,88719,44337,691,21730,780,646,3851,354687,56592,144303,78372,42564,428,28415,1561,311,2141,145196,10116,52284,45459,22176,564,12444,891,277,985,105348,6589,35869,34947,16964,476,9058,453,188,804,39848,3527,16415,10512,5212,88,3386,438,89,181,1323416,754848,57%,726183,96%,55%,45127,6%,6%,3%,205791,28%,27%,16%,26712,4%,4%,2%,337579,46%,45%,26%,110974,15%,15%,8%,28665,4%,2%,568568,43%,4275,1%,0%,240365,42%,18%,219147,39%,17%,59039,10%,4%,7899,1%,1%,37843,7%,3%,693103,27962,159853,20325,232594,54321,18377,2863,115320,11227,21003,3962,25296,630313,17165,45938,6387,104985,56653,10288,1412,125045,207920,38036,3937,12547,1323416,987448,2336,5209,11024,4962,11271,790,678,299698,486609,379898,1678,2846,3038,2086,3100,497,339,93127,836807,607550,658,2363,7986,2876,8171,293,339,206571,1577004,65837,35773,21974,23426,21723,825123,30230,15109,9579,10663,9520,751881,35607,20664,12395,12763,12203
MMR002,Kayah,,,,,57274,44294,12980,272730,13897,5,2789,5647,9191,10798,9901,7488,4983,3451,3026,57274,2400,7513,5274,25499,15870,222,249,247,57274,49400,2641,1217,3688,172,156,57274,542,50195,1935,502,209,3891,57274,9071,574,106,46580,338,605,57274,202,17352,54,26255,299,12565,547,57274,9385,254,35699,11519,417,57274,27831,3140,11379,2043,796,549,10071,1465,57274,13179,2037,13129,9142,2307,6780,2962,5054,197,2487,57274,17740,1872,12202,8891,2746,7872,3220,63,180,2488,57274,12895,22,65,38,42297,1845,56,1,55,57274,16679,31246,2197,16045,1869,2393,57274,1906,34423,18007,5229,309,144,8824,0,286627,0,143213,0,143414,132343,140387,10870,3027,72418,35679,36739,214209,107534,106675,99003,176934,10690,49744,170503,187624,62840,108801,11907,2698,1378,92982,35006,53603,2311,981,1081,94642,27834,55198,9596,1717,297,175570,144085,82.1,31485,83371,72564,87,10807,92199,71521,77.6,20678,47236,43984,93.1,3252,21677,20786,95.9,891,25559,23198,90.8,2361,128334,100101,78,28233,61694,51778,83.9,9916,66640,48323,72.5,18317,135672,61916,62815,10941,66783,29922,31781,5080,68889,31994,31034,5861,132979,30094,46235,27446,17554,434,9516,488,338,874,64997,10455,24340,15916,8822,257,4207,236,257,507,67982,19639,21895,11530,8732,177,5309,252,81,367,125645,29473,43826,25702,16505,362,8288,363,308,818,59048,10005,22324,14414,7996,197,3287,142,228,455,66597,19468,21502,11288,8509,165,5001,221,80,363,7334,621,2409,1744,1049,72,1228,125,30,56,5949,450,2016,1502,826,60,920,94,29,52,1385,171,393,242,223,12,308,31,1,4,220247,137186,62%,133429,97%,61%,13187,10%,10%,6%,24800,19%,18%,11%,3248,2%,2%,1%,60758,46%,44%,28%,31436,24%,23%,14%,3757,3%,2%,83061,38%,791,1%,0%,39109,47%,18%,28350,34%,13%,9292,11%,4%,1531,2%,1%,3988,5%,2%,109518,8051,18063,2374,35934,14593,2264,510,18513,1625,4076,805,2710,110729,5136,6737,874,24824,16843,1493,281,20596,26725,5216,726,1278,220247,197933,222,575,1381,660,113,49,76,19238,59547,54482,109,185,469,305,33,13,12,3939,160700,143451,113,390,912,355,80,36,64,15299,270010,16617,9026,5790,6589,6940,135324,7889,3987,2746,3054,3187,134686,8728,5039,3044,3535,3753
MMR003,Kayin,,,,,308041,228868,79173,1454264,50062,5,14666,32865,50514,59363,52504,39167,25419,17204,16339,308041,9391,16788,23800,193980,50363,8724,3304,1691,308041,266451,23848,7184,7188,1860,1510,308041,4188,208093,14935,3054,2371,75400,308041,106322,2012,399,195645,2273,1390,308041,33680,65967,335,163805,839,39241,4174,308041,46482,1386,228396,28972,2805,308041,82805,31905,139350,5923,25562,3155,18046,1295,308041,13896,11985,135329,50999,2286,34387,13328,35967,2356,7508,308041,25272,25428,134779,50673,2908,42866,13716,250,4499,7650,308041,29371,1948,854,2501,193554,77142,2042,30,599,308041,69687,145072,11476,78087,7590,7273,308041,12451,127940,108518,18062,8716,7090,43381,69753,1504326,36141,739127,33612,765199,699177,755087,39950,10112,329166,163280,165886,1175160,575847,599313,538596,888642,77088,264555,884110,965730,259297,607886,72655,15132,10760,465286,140199,293318,16159,6135,9475,500444,119098,314568,56496,8997,1285,924446,687871,74.4,236575,432282,339040,78.4,93242,492164,348831,70.9,143333,216865,202155,93.2,14710,102406,97625,95.3,4781,114459,104530,91.3,9929,707581,485716,68.6,221865,329876,241415,73.2,88461,377705,244301,64.7,133404,674622,281882,278968,113772,331192,134928,136861,59403,343430,146954,142107,54369,725245,230779,279481,115664,53709,1166,29456,1697,562,12731,345215,95330,132669,64126,29279,794,13146,711,380,8780,380030,135449,146812,51538,24430,372,16310,986,182,3951,698423,226743,271456,108680,50040,890,26633,1346,521,12114,323205,92153,126346,57977,26189,531,10996,431,346,8236,375218,134590,145110,50703,23851,359,15637,915,175,3878,26822,4036,8025,6984,3669,276,2823,351,41,617,22010,3177,6323,6149,3090,263,2150,280,34,544,4812,859,1702,835,579,13,673,71,7,73,1148665,578056,50%,532389,92%,46%,31812,6%,6%,3%,120822,23%,21%,11%,16048,3%,3%,1%,253528,48%,44%,22%,110179,21%,19%,10%,45667,8%,4%,570609,50%,12369,2%,1%,178778,31%,16%,238938,42%,21%,59632,10%,5%,11020,2%,1%,69872,12%,6%,558531,20100,86210,11810,175887,51600,30589,7981,84519,11273,25205,5781,47576,590134,11712,34612,4238,77641,58579,15078,4388,94259,227665,34427,5239,22296,1148665,650024,624,5611,17639,5210,7521,96,470,461470,264839,181047,146,1136,5033,1448,2753,30,98,73148,883826,468977,478,4475,12606,3762,4768,66,372,388322,1404937,99389,60539,28603,39030,38598,693131,45996,25956,12886,18175,17396,711806,53393,34583,15717,20855,21202
MMR004,Chin,,,,,91121,70291,20830,469109,9692,5,5268,9116,11442,13442,13916,12663,9803,7994,7477,91121,814,1150,1618,60874,25527,572,196,370,91121,80752,5187,907,3401,464,410,91121,504,67422,7226,1050,512,14407,91121,19413,2974,1108,65610,83,1933,91121,431,31154,80,54760,721,3533,442,91121,21069,338,67468,1665,581,91121,14074,5393,26763,8279,3268,10951,14663,7730,91121,62108,122,1259,2469,1688,18219,4166,453,23,614,91121,60808,128,1463,2612,1573,19570,4266,61,22,618,91121,677,33,193,176,85393,4392,150,3,104,91121,18535,24884,4583,15567,1999,1187,91121,733,25593,3083,266,611,1228,7582,0,478801,0,229604,0,249197,222622,246487,6982,2710,99809,47198,52611,378992,182406,196586,191290,264605,22906,89780,257686,287511,86035,175228,20682,5066,500,133240,44302,83893,3664,1000,381,154271,41733,91335,17018,4066,119,279247,221858,79.4,57389,127122,112441,88.5,14681,152125,109417,71.9,42708,62582,56052,89.6,6530,27500,26158,95.1,1342,35082,29894,85.2,5188,216665,165806,76.5,50859,99622,86283,86.6,13339,117043,79523,67.9,37520,232683,131128,76885,24670,111583,65806,35541,10236,121100,65322,41344,14434,205423,52909,74093,38062,26882,958,10963,1082,324,150,94547,13306,35107,23012,15341,559,6158,768,194,102,110876,39603,38986,15050,11541,399,4805,314,130,48,200349,52556,72556,36916,26028,902,9994,939,314,144,90649,13117,33931,22044,14681,517,5412,663,186,98,109700,39439,38625,14872,11347,385,4582,276,128,46,5074,353,1537,1146,854,56,969,143,10,6,3898,189,1176,968,660,42,746,105,8,4,1176,164,361,178,194,14,223,38,2,2,347466,181607,52%,172141,95%,50%,15697,9%,9%,5%,12961,8%,7%,4%,1719,1%,1%,0%,61996,36%,34%,18%,79768,46%,44%,23%,9466,5%,3%,165859,48%,2602,2%,1%,86036,52%,25%,49352,30%,14%,16433,10%,5%,4613,3%,1%,6823,4%,2%,163220,9291,9648,1045,40346,34930,5782,1568,43029,3916,7181,2101,4383,184246,6406,3313,674,21650,44838,3684,1034,43007,45436,9252,2512,2440,347466,256313,117,242,1492,317,982,27,244,87732,78253,65410,20,43,110,119,96,5,105,12345,269213,190903,97,199,1382,198,886,22,139,75387,443132,35669,18796,15750,15339,17374,212968,16636,8283,7314,6776,7603,230164,19033,10513,8436,8563,9771
MMR005,Sagaing,,,,,1096857,824766,272091,5076326,249021,5,43563,112946,194947,234471,192085,133389,83212,53639,48605,1096857,9371,56335,60590,496311,440674,23712,5344,4520,1096857,1022070,29784,18797,19782,3933,2491,1096857,13345,771607,121899,6542,5803,177661,1096857,344862,59659,2226,652925,5258,31927,1096857,14640,724484,1026,231515,1575,113305,10312,1096857,121462,289354,567381,110837,7823,1096857,265131,9560,172634,270556,180883,8834,130005,59254,1096857,82712,515582,263909,34823,55734,79459,15934,27497,3242,17965,1096857,92744,547571,261405,35926,48855,77052,13109,525,1350,18320,1096857,95453,287,460,635,897125,92146,2425,471,7855,1096857,469946,462064,44285,238163,17500,29006,1096857,18561,612184,444533,19713,38856,16633,463022,0,5325347,0,2516949,0,2808398,2341147,2735179,175802,73219,911335,430408,480927,4414012,2086541,2327471,1525943,3468865,330539,835089,3506301,3799404,1218421,2227468,261468,51019,41028,1747144,562415,1079384,53134,17764,34447,2052260,656006,1148084,208334,33255,6581,3598969,3372855,93.7,226114,1605138,1550993,96.6,54145,1993831,1821862,91.4,171969,630439,606358,96.2,24081,279024,273584,98.1,5440,351415,332774,94.7,18641,2968530,2766497,93.2,202033,1326114,1277409,96.3,48705,1642416,1489088,90.7,153328,2259792,929466,1208847,121479,1068314,452991,556599,58724,1191478,476475,652248,62755,2873763,341476,1586750,449750,213687,6910,188829,8227,2699,75435,1304766,115195,677285,254965,122021,4799,87738,2916,1774,38073,1568997,226281,909465,194785,91666,2111,101091,5311,925,37362,2752399,333124,1540296,423229,195202,4239,173029,6962,2468,73850,1218409,109837,647206,234594,107329,2595,76167,2257,1577,36847,1533990,223287,893090,188635,87873,1644,96862,4705,891,37003,121364,8352,46454,26521,18485,2671,15800,1265,231,1585,86357,5358,30079,20371,14692,2204,11571,659,197,1226,35007,2994,16375,6150,3793,467,4229,606,34,359,4341390,2647937,61%,2549836,96%,59%,106461,4%,4%,2%,613761,24%,23%,14%,108473,4%,4%,2%,1116059,44%,42%,26%,605082,24%,23%,14%,98101,4%,2%,1693453,39%,13140,1%,0%,622759,37%,14%,653837,39%,15%,278504,16%,6%,29730,2%,1%,95483,6%,2%,2019493,55382,382227,78516,714700,209634,52333,7934,303982,23932,109084,14527,67242,2321897,51079,231534,29957,401359,395448,45768,5206,318777,629905,169420,15203,28241,4341390,3127076,1937,6165,34591,30280,9305,208,1580,1130248,765635,589645,927,1210,3510,9080,1239,96,304,159624,3575755,2537431,1010,4955,31081,21200,8066,112,1276,970624,5147495,177852,83736,51757,73868,60721,2438820,78129,33850,21329,32167,26331,2708675,99723,49886,30428,41701,34390
MMR006,Tanintharyi,,,,,283099,201259,81840,1352283,56118,5,11613,28879,47024,54245,48817,36780,23839,16360,15542,283099,10933,25096,23802,136044,72536,9966,2479,2243,283099,217950,30753,15414,9437,8515,1030,283099,3576,185067,23806,23733,2811,44106,283099,191454,276,115,78520,8032,4702,283099,23427,100855,353,104588,1068,49129,3679,283099,32012,3339,199192,46002,2554,283099,22754,50274,62077,2195,133824,2240,7271,2464,283099,31020,18630,99039,59702,2474,14573,15195,31264,4720,6482,283099,46501,21866,104392,60457,3466,16833,15643,437,7022,6482,283099,3114,2955,869,2849,147454,123034,1861,2,961,283099,95453,139095,12122,84452,7873,15662,283099,4861,118324,54883,5709,9010,22513,13018,0,1408401,0,700619,0,707782,655855,696428,44764,11354,338419,164982,173437,1069982,535637,534345,478027,858419,71955,244225,851675,930374,294257,552343,60506,15944,7324,457946,160504,270593,13224,7104,6521,472428,133753,281750,47282,8840,803,881630,817822,92.8,63808,418545,395454,94.5,23091,463085,422368,91.2,40717,227029,219401,96.6,7628,104611,102432,97.9,2179,122418,116969,95.5,5449,654601,598421,91.4,56180,313934,293022,93.3,20912,340667,305399,89.6,35268,655166,285502,314210,55454,322692,137866,156260,28566,332474,147636,157950,26888,683982,70645,346386,143818,68349,1370,42016,2238,847,8313,334643,30561,156589,82668,38025,991,18781,831,531,5666,349339,40084,189797,61150,30324,379,23235,1407,316,2647,650273,68323,335982,135015,62778,869,37384,1637,776,7509,306577,28724,148451,74960,33086,534,14882,495,464,4981,343696,39599,187531,60055,29692,335,22502,1142,312,2528,33709,2322,10404,8803,5571,501,4632,601,71,804,28066,1837,8138,7708,4939,457,3899,336,67,685,5643,485,2266,1095,632,44,733,265,4,119,1095900,582031,53%,554333,95%,51%,38754,7%,7%,4%,216640,39%,37%,20%,16448,3%,3%,2%,217055,39%,37%,20%,65436,12%,11%,6%,27698,5%,3%,513869,47%,7747,2%,1%,179107,35%,16%,226675,44%,21%,53261,10%,5%,10647,2%,1%,36432,7%,3%,541928,23463,162137,12569,143016,31199,17426,4789,84825,10442,21813,5794,24455,553972,15291,54503,3879,74039,34237,10272,2958,94282,216233,31448,4853,11977,1095900,743224,722,2905,26601,5079,3512,405,1182,312270,277306,211482,287,1224,5674,1927,1171,260,211,55070,818594,531742,435,1681,20927,3152,2341,145,971,257200,1310268,98133,56338,27957,37985,36752,655074,45545,24219,13023,17773,16499,655194,52588,32119,14934,20212,20253
MMR111,Bago,,,,,1142974,877377,265597,4743808,123565,4,55130,161056,257551,250866,181332,111219,61785,35343,28692,1142974,18349,44960,66582,632440,342055,21890,12139,4559,1142974,1050003,30999,23051,31279,4590,3052,1142974,9249,844161,89960,67141,10062,122401,1142974,449431,4658,1047,673461,6760,7617,1142974,41255,714115,769,268476,1558,107685,9116,1142974,295001,17984,745376,76596,8017,1142974,316091,100247,329833,257303,51943,1435,72962,13160,1142974,21168,568420,210690,44104,164987,60875,9065,41504,640,21521,1142974,27898,630406,208539,44740,130239,71856,5315,552,742,22687,1142974,107648,1266,2254,1295,890096,103053,3130,1841,32391,1142974,434830,518186,43271,299534,15651,44221,1142974,13643,392159,570569,21269,43982,14137,315083,0,4867373,0,2322338,0,2545035,2227613,2516195,94725,28840,1072336,501157,571179,3795037,1821181,1973856,1383846,3175185,308342,753640,3224090,3483527,975677,2145652,261263,64001,36934,1621095,464291,1043639,55606,24933,32626,1862432,511386,1102013,205657,39068,4308,3379439,3184988,94.2,194451,1542123,1491313,96.7,50810,1837316,1693675,92.2,143641,759261,727926,95.9,31335,332970,325861,97.9,7109,426291,402065,94.3,24226,2620178,2457062,93.8,163116,1209153,1165452,96.4,43701,1411025,1291610,91.5,119415,2081789,802297,1139630,139862,1003490,397263,538269,67958,1078299,405034,601361,71904,2673378,290097,1433328,491055,231506,6576,171303,5703,2834,40976,1231232,104227,605047,285517,132845,4683,72474,1965,1965,22509,1442146,185870,828281,205538,98661,1893,98829,3738,869,18467,2604988,282424,1409698,478150,220077,4502,162721,4818,2705,39893,1178449,98531,588053,274908,122948,2868,66234,1453,1877,21577,1426539,183893,821645,203242,97129,1634,96487,3365,828,18316,68390,7673,23630,12905,11429,2074,8582,885,129,1083,52783,5696,16994,10609,9897,1815,6240,512,88,932,15607,1977,6636,2296,1532,259,2342,373,41,151,3977730,2109729,53%,1997229,95%,50%,125861,6%,6%,3%,719559,36%,34%,18%,139114,7%,7%,3%,734305,37%,35%,18%,278390,14%,13%,7%,112500,5%,3%,1868001,47%,13355,1%,0%,507461,27%,13%,901781,48%,23%,232212,12%,6%,31103,2%,1%,182089,10%,5%,1872002,71364,468309,110011,513255,127458,66819,8360,251025,24630,95064,16181,119526,2105728,54497,251250,29103,221050,150932,45681,4995,256436,877151,137148,14922,62563,3977730,2624153,2890,38328,33274,24859,18012,682,1187,1234345,904840,658653,1659,9266,10266,11380,5795,507,370,206944,3072890,1965500,1231,29062,23008,13479,12217,175,817,1027401,4664942,202431,109734,60786,82627,69004,2230115,92223,46678,25873,37967,30955,2434827,110208,63056,34913,44660,38049
MMR009,Magway,,,,,919777,692168,227609,3786538,130517,4,50670,127474,200733,203925,148044,91121,50120,27878,19812,919777,16121,35438,43792,350005,446111,19091,5704,3515,919777,850749,19937,18089,26473,1809,2720,919777,6559,622779,118171,4515,6417,161336,919777,304433,68869,1506,522919,8159,13891,919777,29327,675673,696,122882,1043,81442,8714,919777,476170,72777,288978,73121,8731,919777,208473,3491,207327,246373,106178,7132,93192,47611,919777,71295,445715,171424,30650,51227,102230,8047,16430,3555,19204,919777,74224,463516,156836,22521,72158,98811,7604,220,3424,20463,919777,85037,1905,248,482,781020,47019,1590,49,2427,919777,440704,348256,32145,219450,11341,31072,919777,12624,356960,282648,7989,12307,4196,380264,0,3917055,0,1813974,0,2103081,1721486,2065052,92488,38029,588031,270624,317407,3329024,1543350,1785674,1056659,2578796,281600,564267,2667883,2860396,842576,1729280,221158,43409,23973,1283652,368253,830415,47941,15300,21743,1576744,474323,898865,173217,28109,2230,2753529,2540124,92.2,213405,1208709,1166826,96.5,41883,1544820,1373298,88.9,171522,420242,403808,96.1,16434,180372,176962,98.1,3410,239870,226846,94.6,13024,2333287,2136316,91.6,196971,1028337,989864,96.3,38473,1304950,1146452,87.9,158498,1593834,650315,839402,104117,743838,317948,375110,50780,849996,332367,464292,53337,2238801,431477,1118113,338652,173607,5157,136623,5618,3507,26047,995635,166345,455998,193097,99467,3596,59038,1788,2393,13913,1243166,265132,662115,145555,74140,1561,77585,3830,1114,12134,2169539,424091,1096368,324985,160716,3864,126287,4865,3288,25075,946421,161194,441884,182719,88892,2423,52558,1411,2222,13118,1223118,262897,654484,142266,71824,1441,73729,3454,1066,11957,69262,7386,21745,13667,12891,1293,10336,753,219,972,49214,5151,14114,10378,10575,1173,6480,377,171,795,20048,2235,7631,3289,2316,120,3856,376,48,177,3232150,1948277,60%,1884494,97%,58%,113027,6%,6%,3%,460921,24%,24%,14%,96894,5%,5%,3%,765563,41%,39%,24%,448089,24%,23%,14%,63783,3%,2%,1283873,40%,6879,1%,0%,430892,34%,13%,515984,40%,16%,215053,17%,7%,27038,2%,1%,88027,7%,3%,1469573,62166,272050,67691,487448,155632,33013,4154,211665,17894,87212,13332,57316,1762577,50861,188871,29203,278115,292457,30770,2725,219227,498090,127841,13706,30711,3232150,2484274,1122,4730,33878,16328,3411,283,827,687297,499890,412755,535,1068,3053,4853,680,185,127,76634,2732260,2071519,587,3662,30825,11475,2731,98,700,610663,3715255,201800,109996,58546,85498,64916,1726365,87609,45191,23065,36725,27782,1988890,114191,64805,35481,48773,37134
MMR010,Mandalay,,,,,1323191,981281,341910,5843424,322299,4,61623,160901,261541,286840,220461,144070,84615,53139,50001,1323191,37401,130441,93379,297283,720282,25389,9387,9629,1323191,1114411,95282,43605,45636,10409,13848,1323191,28973,1026586,52202,3639,4293,207498,1323191,184912,88717,1907,987250,26837,33568,1323191,26541,953979,1480,79694,2744,242839,15914,1323191,328418,304373,390552,284815,15033,1323191,520838,5949,185225,296073,146520,9151,107304,52131,1323191,147998,616843,243711,26102,46181,70916,17979,124091,8010,21360,1323191,197311,711427,198655,26434,70403,76684,13179,1752,5040,22306,1323191,282092,1801,387,1816,820767,205812,4235,238,6043,1323191,523858,697909,59648,540785,48613,102986,1323191,58017,769529,523704,20436,21845,7097,370149,0,6165723,0,2928367,0,3237356,2696157,3147267,232210,90089,2143436,1033433,1110003,4022287,1894934,2127353,1599216,4186385,380122,916095,4230345,4566507,1556122,2589433,298780,62464,59708,2115162,719435,1257829,60451,22496,54951,2451345,836687,1331604,238329,39968,4757,4299250,4030908,93.8,268342,1926783,1874905,97.3,51878,2372467,2156003,90.9,216464,1491920,1438890,96.4,53030,673639,662299,98.3,11340,818281,776591,94.9,41690,2807330,2592018,92.3,215312,1253144,1212606,96.8,40538,1554186,1379412,88.8,174774,2572025,971651,1463214,137160,1225346,475521,684571,65254,1346679,496130,778643,71906,3425310,427021,1651294,607440,333004,11238,332024,18782,4424,40083,1556051,136428,690683,347150,189687,8410,152101,7167,3099,21326,1869259,290593,960611,260290,143317,2828,179923,11615,1325,18757,3273959,415644,1609534,579411,308415,7032,297285,15245,3762,37631,1447489,128268,662415,325448,170186,4541,129091,5464,2569,19507,1826470,287376,947119,253963,138229,2491,168194,9781,1193,18124,151351,11377,41760,28029,24589,4206,34739,3537,662,2452,108562,8160,28268,21702,19501,3869,23010,1703,530,1819,42789,3217,13492,6327,5088,337,11729,1834,132,633,5146440,2989622,58%,2892622,97%,56%,175202,6%,6%,3%,1101077,38%,37%,21%,108820,4%,4%,2%,1092605,38%,37%,21%,414918,14%,14%,8%,97000,3%,2%,2156818,42%,16185,1%,0%,685320,32%,13%,934698,43%,18%,317650,15%,6%,33577,2%,1%,169388,8%,3%,2412538,98359,683458,76612,689776,160352,56546,10171,337960,34644,131795,17587,115278,2733902,76843,417619,32208,402829,254566,40454,6014,347360,900054,185855,15990,54110,5146440,3903980,4394,14200,55423,44273,14579,1003,4360,1104228,1838483,1455019,3198,5912,17541,27118,6388,868,2605,319834,3307957,2448961,1196,8288,37882,17155,8191,135,1755,784394,5961395,204328,105026,52300,85574,64330,2838688,89679,43374,20672,37698,27957,3122707,114649,61652,31628,47876,36373
MMR011,Mon,,,,,422612,302302,120310,1949821,104572,5,20824,47243,74416,86439,71360,49475,30626,20293,21936,422612,9377,33782,46189,241129,74378,10327,4602,2828,422612,372314,21094,13264,11453,2330,2157,422612,5200,327498,12450,5832,2898,68734,422612,163910,472,310,246339,3264,8317,422612,49051,103342,362,192297,1883,67737,7940,422612,61172,1558,317668,37873,4341,422612,150876,14958,134853,18314,88356,1769,11383,2103,422612,32028,15697,200773,74057,21940,5613,6573,43047,5395,17489,422612,46664,26641,206807,75532,25260,13052,6300,354,4434,17568,422612,79776,2260,753,4013,302233,30613,1423,21,1520,422612,137713,258468,19399,144514,11026,16446,422612,10886,177349,207846,13467,5837,8366,40167,0,2054393,0,987392,0,1067001,911651,1038170,75741,28831,572189,273561,298628,1482204,713831,768373,641960,1278995,133438,344651,1300367,1412433,404224,845630,109568,27705,25306,660033,198239,404333,23606,11419,22436,752400,205985,441297,85962,16286,2870,1328202,1149918,86.6,178284,598735,535611,89.5,63124,729467,614307,84.2,115160,391915,367444,93.8,24471,174696,167255,95.7,7441,217219,200189,92.2,17030,936287,782474,83.6,153813,424039,368356,86.9,55683,512248,414118,80.8,98130,866977,361650,424378,80949,418285,174906,201967,41412,448692,186744,222411,39537,1078806,185995,501134,200738,97240,2687,75028,3091,956,11937,496487,73715,218664,109200,53059,1937,29070,1041,692,9109,582319,112280,282470,91538,44181,750,45958,2050,264,2828,1023832,179834,480647,189111,89630,1706,68542,2375,837,11150,456563,69298,205010,100180,46892,1053,24401,661,585,8483,567269,110536,275637,88931,42738,653,44141,1714,252,2667,54974,6161,20487,11627,7610,981,6486,716,119,787,39924,4417,13654,9020,6167,884,4669,380,107,626,15050,1744,6833,2607,1443,97,1817,336,12,161,1645018,831977,51%,777486,93%,47%,49048,6%,6%,3%,292567,38%,35%,18%,40201,5%,5%,2%,301391,39%,36%,18%,94279,12%,11%,6%,54491,7%,3%,813041,49%,11812,1%,1%,236705,29%,14%,346251,43%,21%,96411,12%,6%,17785,2%,1%,104077,13%,6%,779207,24892,207276,30124,189644,37110,33913,7355,113348,12304,41375,9691,72175,865811,24156,85291,10077,111747,57169,20578,4457,123357,333947,55036,8094,31902,1645018,1086371,873,6674,60703,15308,4464,145,859,469621,477588,328072,292,1981,29408,6004,1295,98,264,110174,1167430,758299,581,4693,31295,9304,3169,47,595,359447,1945095,109298,60858,29876,43656,35753,937613,49779,25640,13269,19988,16386,1007482,59519,35218,16607,23668,19367
MMR012,Rakhine,,,,,459772,352953,106819,2034148,64659,4,19640,54689,87398,97428,80134,54649,32708,19429,13697,459772,8659,6072,9172,239876,184562,6526,2860,2045,459772,418262,12995,13540,12437,708,1830,459772,2915,143474,6495,13331,4494,289063,459772,330447,2921,320,123225,1778,1081,459772,36295,273136,594,125799,1213,20876,1859,459772,158836,3899,277610,16576,2851,459772,59039,54165,271119,17644,40944,797,14726,1338,459772,22749,15832,131381,25392,231119,17960,8484,3545,204,3106,459772,27979,20213,114384,25496,229001,31059,8303,72,156,3109,459772,6211,84,4661,167,408558,35374,1481,357,2879,459772,142217,101646,12886,72837,5746,10135,459772,2415,54507,68373,2825,17180,25083,74563,1090000,2098807,536700,989702,553300,1109105,937460,1096688,52242,12417,354288,166857,187431,1744519,822845,921674,653333,1305561,139913,362600,1328392,1445474,360643,914638,125002,34009,11182,658708,178159,436291,23409,10384,10465,786766,182484,478347,101593,23625,717,1391311,1178295,84.7,213016,614634,566833,92.2,47801,776677,611462,78.7,165215,246557,222741,90.3,23816,107502,101336,94.3,6166,139055,121405,87.3,17650,1144754,955554,83.5,189200,507132,465497,91.8,41635,637622,490057,76.9,147565,954669,402991,446700,104978,446794,204321,199951,42522,507875,198670,246749,62456,1089721,219822,558599,177686,69824,2882,52833,2468,1098,4509,494281,63395,249746,106578,40831,2012,26723,1086,734,3176,595440,156427,308853,71108,28993,870,26110,1382,364,1333,1054437,215490,548351,170034,64632,2060,46702,1940,998,4230,465288,60147,242107,99917,36096,1237,21503,708,642,2931,589149,155343,306244,70117,28536,823,25199,1232,356,1299,35284,4332,10248,7652,5192,822,6131,528,100,279,28993,3248,7639,6661,4735,775,5220,378,92,245,6291,1084,2609,991,457,47,911,150,8,34,1690992,822867,49%,733169,89%,43%,59276,8%,7%,4%,167683,23%,20%,10%,46458,6%,6%,3%,332503,45%,40%,20%,127249,17%,15%,8%,89698,11%,5%,868125,51%,16951,2%,1%,257454,30%,15%,391025,45%,23%,99459,11%,6%,11319,1%,1%,91917,11%,5%,782862,38676,124873,37201,237334,45764,50762,8797,131598,11217,37171,5370,54099,908130,20600,42810,9257,95169,81485,38936,8154,125856,379808,62288,5949,37818,1690992,1018963,576,4500,9895,7543,10351,170,1968,637026,298344,212641,118,2127,1580,2629,3099,81,249,75820,1392648,806322,458,2373,8315,4914,7252,89,1719,561206,1986628,112179,65576,40660,49980,54550,939216,50486,28205,17083,21802,23644,1047412,61693,37371,23577,28178,30906
MMR013,Yangon,,,,,1582944,1199003,383941,6949440,411263,4,68073,216707,325983,338953,249425,158136,95117,63475,67075,1582944,266864,117047,150641,659423,344419,17039,11865,15646,1582944,1020778,387853,53856,77333,20288,22836,1582944,99318,1342902,41891,42500,4594,51739,1582944,282001,2732,2656,1208605,82287,4663,1582944,144783,503990,768,379264,24160,506026,23953,1582944,246497,8126,823234,486725,18362,1582944,1097146,89540,113805,186889,62719,705,25076,7064,1582944,210489,403890,65653,27904,298093,11263,4648,543856,5156,11992,1582944,386621,809120,67923,30346,248456,23978,275,3086,484,12655,1582944,745110,32158,1937,8547,414557,332436,7407,1353,39439,1582944,410729,1132863,130083,964579,175157,302809,1582944,123149,215828,731428,19305,19464,15790,76215,0,7360703,0,3516403,0,3844300,3258469,3690971,257934,153329,5160512,2441229,2719283,2200191,1075174,1125017,1725413,5219941,415349,1051579,5228050,5635290,2040730,3066094,361796,103934,62736,2636238,986779,1491900,66494,37809,53256,2999052,1053951,1574194,295302,66125,9480,5271946,5095313,96.6,176633,2410424,2362714,98,47710,2861522,2732599,95.5,128923,3777877,3673597,97.2,104280,1706918,1680964,98.5,25954,2070959,1992633,96.2,78326,1494069,1421716,95.2,72353,703506,681750,96.9,21756,790563,739966,93.6,50597,3104424,1097884,1858365,148175,1497556,550828,874727,72001,1606868,547056,983638,76174,4142593,243812,1324522,978392,751724,18254,729473,43947,9746,42723,1910612,84477,533683,509321,405722,13389,318146,15678,7518,22678,2231981,159335,790839,469071,346002,4865,411327,28269,2228,20045,3949139,231473,1280979,936383,712985,14503,684333,39750,9173,39560,1786233,76322,507304,481794,378450,10519,291530,12900,7087,20327,2162906,155151,773675,454589,334535,3984,392803,26850,2086,19233,193454,12339,43543,42009,38739,3751,45140,4197,573,3163,124379,8155,26379,27527,27272,2870,26616,2778,431,2351,69075,4184,17164,14482,11467,881,18524,1419,142,812,6279629,3411442,54%,3268741,96%,52%,258151,8%,8%,4%,1784656,55%,52%,28%,128576,4%,4%,2%,887821,27%,26%,14%,209537,6%,6%,3%,142701,4%,2%,2868187,46%,28733,1%,0%,853726,30%,14%,1255087,44%,20%,401484,14%,6%,47164,2%,1%,281993,10%,4%,2967025,143965,1122624,93718,549213,88797,90600,18393,429731,36496,185087,25816,182585,3312604,114186,662032,34858,338608,120740,52101,10340,423995,1218591,216397,21348,99408,6279629,4442229,12028,56031,226488,49494,66350,5152,12421,1409436,4476185,3314534,11171,41840,156951,37232,54560,4778,11403,843716,1803444,1127695,857,14191,69537,12262,11790,374,1018,565720,7110262,250441,125844,62748,109976,78895,3402588,113815,53001,26830,49918,37097,3707674,136626,72843,35918,60058,41798
MMR222,Shan,,,,,1169569,919047,250522,5500933,323499,5,44285,117969,208307,241930,202732,143120,90204,63985,57037,1169569,47028,205239,117307,288190,474127,11378,3144,23156,1169569,1019384,69655,24591,40824,10158,4957,1169569,17928,728355,243455,29333,20140,130358,1169569,192877,3971,1408,880818,83377,7118,1169569,6298,559778,15535,236556,9994,332449,8959,1169569,358651,131581,342574,323296,13467,1169569,390581,46431,202742,44081,23349,119056,311356,31973,1169569,234318,65219,207311,104506,48781,116272,202363,133057,10989,46753,1169569,282556,80207,232882,101104,56362,144844,203084,2067,20216,46247,1169569,176283,2392,1671,8634,896612,79756,2274,37,1910,1169569,272497,638827,57055,402658,33857,45615,1169569,52948,744144,143934,80464,19158,7813,207606,0,5824432,0,2910710,0,2913722,2663408,2837525,247302,76197,1395847,692453,703394,4428585,2218257,2210328,1865293,3712196,246943,989846,3611343,3959139,1132922,2454776,260038,77630,33773,1966735,640307,1211805,54285,29330,31008,1992404,492615,1242971,205753,48300,2765,3715553,2400983,64.6,1314570,1785529,1255288,70.3,530241,1930024,1145695,59.4,784329,913939,778751,85.2,135188,423347,378261,89.4,45086,490592,400490,81.6,90102,2801614,1622232,57.9,1179382,1362182,877027,64.4,485155,1439432,745205,51.8,694227,2634632,842475,1033926,758231,1276494,402183,512128,362183,1358138,440292,521798,396048,2860005,1282796,831711,372143,187052,4646,132299,7012,3066,39280,1411916,561162,436512,214969,102437,3082,60912,3329,2089,27424,1448089,721634,395199,157174,84615,1564,71387,3683,977,11856,2719551,1260214,792198,336415,168710,3308,114355,4978,2554,36819,1305068,545145,407152,186655,87379,1938,47836,1844,1655,25464,1414483,715069,385046,149760,81331,1370,66519,3134,899,11355,140454,22582,39513,35728,18342,1338,17944,2034,512,2461,106848,16017,29360,28314,15058,1144,13076,1485,434,1960,33606,6565,10153,7414,3284,194,4868,549,78,501,4601189,3081253,67%,3015500,98%,66%,134113,4%,4%,3%,508038,17%,16%,11%,71814,2%,2%,2%,1405196,47%,46%,31%,896339,30%,29%,19%,65753,2%,1%,1519936,33%,20678,1%,0%,565656,37%,12%,532173,35%,12%,223002,15%,5%,25512,2%,1%,152915,10%,3%,2293647,90998,337738,48859,872512,366810,38888,12632,273393,40188,90642,13206,107781,2307542,43115,170300,22955,532684,529529,26865,8046,292263,491985,132360,12306,45134,4601189,2754540,5805,16043,141594,18259,22253,5071,11249,1626375,1164530,875653,3501,6723,28712,7186,5831,2949,6823,227152,3436659,1878887,2304,9320,112882,11073,16422,2122,4426,1399223,5596358,228074,104028,84642,92856,98486,2799121,111589,48562,40146,44044,46643,2797237,116485,55466,44496,48812,51843
MMR017,Ayeyarwady,,,,,1488983,1201958,287025,6053594,131235,4,76455,215608,338534,334803,236107,141023,75370,41309,29774,1488983,9161,27821,36991,636185,685521,46161,32097,15046,1488983,1396894,39167,25810,15984,6161,4967,1488983,9046,1105726,78504,87702,16856,191149,1488983,857628,1867,1090,620067,3777,4554,1488983,616162,499737,518,282487,6146,63226,20707,1488983,428852,7608,977239,58186,17098,1488983,178810,458988,230741,457606,86943,1287,66234,8374,1488983,7380,519271,195935,48263,406026,253136,15162,26427,5276,12107,1488983,11842,598272,168373,64590,166249,465177,3363,537,1251,9329,1488983,53136,1340,6590,1341,1315791,64189,1851,605,44140,1488983,616908,588361,68147,285832,15860,31441,1488983,9065,276847,566391,36835,211646,100106,227654,0,6184829,0,3009808,0,3175021,2913227,3140367,96581,34654,872600,412693,459907,5312229,2597115,2715114,1821154,4004350,359325,954662,4040022,4363675,1159402,2774323,312962,84840,32148,2089720,582046,1360872,83027,34548,29227,2273955,577356,1413451,229935,50292,2921,4257899,3995130,93.8,262769,2012280,1929508,95.9,82772,2245619,2065622,92,179997,625443,599795,95.9,25648,280059,273587,97.7,6472,345384,326208,94.4,19176,3632456,3395335,93.5,237121,1732221,1655921,95.6,76300,1900235,1739414,91.5,160821,2670540,1032391,1440227,197922,1308864,512240,699453,97171,1361676,520151,740774,100751,3359155,412131,1820805,562406,254197,5352,168657,6974,3050,125583,1596002,165134,809704,332547,145336,3569,71173,2037,2033,64469,1763153,246997,1011101,229859,108861,1783,97484,4937,1017,61114,3287665,404442,1796797,549334,243101,3895,158048,5989,2792,123267,1542623,159486,792699,322011,136035,2225,64116,1575,1851,62625,1745042,244956,1004098,227323,107066,1670,93932,4414,941,60642,71490,7689,24008,13072,11096,1457,10609,985,258,2316,53379,5648,17005,10536,9301,1344,7057,462,182,1844,18111,2041,7003,2536,1795,113,3552,523,76,472,4994684,2726400,55%,2627993,96%,53%,102651,4%,4%,2%,941894,36%,35%,19%,219319,8%,8%,4%,983188,37%,36%,20%,380941,14%,14%,8%,98407,4%,2%,2268284,45%,14649,1%,0%,649184,29%,13%,1047069,46%,21%,251601,11%,5%,48610,2%,1%,257171,11%,5%,2409479,49170,646744,170841,667988,169086,59858,8966,321458,23601,100982,24984,165801,2585205,53481,295150,48478,315200,211855,38549,5683,327726,1023468,150619,23626,91370,4994684,3398411,3306,7280,28695,20834,5719,781,1293,1528365,741923,561877,1919,2577,3745,7013,1174,654,410,162554,4252761,2836534,1387,4703,24950,13821,4545,127,883,1365811,5712210,472619,286278,122269,196571,175865,2789336,220472,127498,54741,90308,80409,2922874,252147,158780,67528,106263,95456
MMR018,Nay Pyi Taw,,,,,262253,205160,57093,1072833,87409,4,15738,37040,58575,57518,40477,25029,13748,7831,6297,262253,35036,12648,12950,118112,76643,3338,1547,1979,262253,199076,13719,6595,37744,3904,1215,262253,24892,203736,11935,843,839,20008,262253,65882,1300,345,191810,2401,515,262253,2199,174933,196,28658,299,55032,936,262253,73786,3253,128380,55062,1772,262253,111678,1745,81701,19391,27888,554,15339,3957,262253,10158,122416,41823,8885,1027,13243,2719,55536,730,5716,262253,41463,128228,58031,9425,1610,14105,2689,436,714,5552,262253,89287,333,232,133,141138,29060,593,10,1467,262253,100374,132458,10069,118295,14030,22963,262253,8408,109906,89782,1744,708,142,55464,0,1160242,0,565155,0,595087,509809,563024,55346,32063,375189,183027,192162,785053,382128,402925,326957,779798,53487,169685,774092,833285,250520,511145,50223,14926,6471,399016,126684,251251,9592,5554,5935,434269,123836,259894,40631,9372,536,758394,716067,94.4,42327,351772,344566,98,7206,406622,371501,91.4,35121,234644,228163,97.2,6481,107695,106480,98.9,1215,126949,121683,95.9,5266,523750,487904,93.2,35846,244077,238086,97.5,5991,279673,249818,89.3,29855,493509,202989,263504,27016,238571,100787,125709,12075,254938,102202,137795,14941,621350,50166,272507,123638,71090,3064,80735,5942,1036,13172,294676,11417,118268,73221,41752,2111,37822,2710,741,6634,326674,38749,154239,50417,29338,953,42913,3232,295,6538,574008,48488,261462,114232,63722,2206,65656,4490,884,12868,264932,10533,111591,66076,36000,1482,30199,2033,616,6402,309076,37955,149871,48156,27722,724,35457,2457,268,6466,47342,1678,11045,9406,7368,858,15079,1452,152,304,29744,884,6677,7145,5752,629,7623,677,125,232,17598,794,4368,2261,1616,229,7456,775,27,72,943777,566853,60%,550034,97%,58%,87003,16%,15%,9%,205138,37%,36%,22%,22138,4%,4%,2%,164998,30%,29%,17%,70757,13%,12%,7%,16819,3%,2%,376924,40%,2348,1%,0%,132797,35%,14%,161275,43%,17%,42632,11%,5%,5331,1%,1%,32541,9%,3%,455433,52926,132473,15584,107903,22729,10159,1432,66441,4759,17598,2813,20616,488344,34077,72665,6554,57095,48028,6660,916,66356,156516,25034,2518,11925,943777,722580,477,1859,9610,4359,4139,81,252,200420,315967,257489,254,776,3031,1667,2244,62,104,50340,627810,465091,223,1083,6579,2692,1895,19,148,150080,1123659,36583,18189,9468,14761,11691,548477,16678,7902,3929,6745,5179,575182,19905,10287,5539,8016,6512
